{
    "columns": [
        {
            "columnName": "Satus",
            "width": "10%",
            "dataField": "evaluationStatusStr",
            "sort": true,
            "type": "text",
            "filter": true,
            "columnTemplate": null
        },
        {
            "columnName": "Evalution Date",
            "width": "20%",
            "dataField": "receivedDate",
            "sort": true,
            "type": "date",
            "filter": true,
            "columnTemplate": null
        },
        {
            "columnName": "Last Name",
            "width": "20%",
            "dataField": "lastName",
            "sort": true,
            "type": "text",
            "filter": true
        },
        {
            "columnName": "SSN",
            "width": "10%",
            "dataField": "ssn",
            "sort": true,
            "type": "text",
            "filter": true
        },
        {
            "columnName": "Reviewer",
            "width": "20%",
            "dataField": "fname",
            "sort": true,
            "type": "text",
            "filter": true
        },
        {
            "columnName": "Agency",
            "width": "20%",
            "dataField": "agencyname",
            "sort": true,
            "type": "text",
            "filter": false
        }
    ],
    "gridTitle": "",
    "orderBy": "evaluationStatusStr",
    "orderType": "asc",
    "dataUrl": "evaluationQueueList"
}